"ID","Reason.for.absence","Month.of.absence","Day.of.the.week","Seasons","Transportation.expense","Distance.from.Residence.to.Work","Service.time","Age","Work.load.Average.day","Hit.target","Disciplinary.failure","Education","Son","Social.drinker","Social.smoker","Pet","Weight","Height","Body.mass.index","Absenteeism.time.in.hours"
11,26,7,3,1,289,36,13,33,239554,97,0,1,2,1,0,1,90,172,30,4
36,13.2367798563515,7,3,1,118,13,18,50,239554,97,1,1,1,1,0,0,98,168.201159902475,31,0
3,23,7,4,1,179,51,18,38,239554,97,0,1,0,1,0,0,89,170,31,2
7,7,7,5,1,279,5,14,39,239554,97,0,1,2,1,1,0,68,168,24,4
11,23,7,5,1,289,36,13,33,239554,97,0,1,2,1,0,1,90,172,30,2
3,23,7,6,1,179,51,18,38,239554,97,0,1,0,1,0,0,89,170,31,4.05678644752293
10,22,7,6,1,361,52,3,28,239554,97,0,1,1,1,0,1,80,172,27,8
20,23,7,6,1,260,50,11,36,239554,97,0,1,4,1,0,0,65,168,23,4
14,19,7,2,1,155,12,14,34,239554,97,0,1,2,1,0,0,95,171.818144084065,25,40
1,22,7,2,1,235,11,14,37,239554,97,0,3,1,0,0,1,88,172,29,8
20,1,7,2,1,260,50,11,36,239554,97,0,1,4,1,0,0,65,168,23,8
20,1,7,3,1,260,50,11,36,239554,97,0,1,4,1,0,0,65,168,23,8
20,11,7,4,1,260,50,11,36,239554,97,0,1,4,1,0,0,65,168,23,8
3,11,7,4,1,179,51,18,38,239554,97,0,1,0,1,0,0,89,170,31,1
3,23,7,4,1,179,51,18,38,239554,97,0,1,0,1,0,0,89,170,31,4
24,14,7,6,1,246,25,16,41,239554,97,0,1,0,1,0,0,67,170,23,11.4560603903668
3,23,7,6,1,179,51,18,38,239554,97,0,1,0,1,0,0,89,170,31,2
3,21,7,2,1,179,51,18,38,239554,97,0,1,0,1,0,0,89,170,31,8
6,11,7,5,1,189,29,13,33,239554,97,0,1,2,0,0,2,69,167,25,8
33,23,8,4,1,248,25,14,47,205917,92,0,1,2,0,0,1,86,165,32,2
18,10,8,4,1,330,16,4,28,205917,92,0,2,0,0,0,0,84,169.907213130778,25,7.23260978417492
3,11,8,2,1,179,51,18,38,205917,92,0,1,0,1,0,0,89,170,31,1
10,13,8,2,1,361,52,3,28,205917,92,0,1,1,1,0,1,80,172,27,40
20,28,8,6,1,260,50,11,36,205917,92,0,1,4,1,0,0,65,168,23,4
11,18,8,2,1,289,36,13,33,205917,92,0,1,2,1,0,1,90,172,30,8
10,25,8,2,1,361,52,3,28,205917,92,0,1,1,1,0,1,80,172,27,7
11,23,8,3,1,289,36,13,33,205917,92,0,1,2,1,0,1,90,172,30,1
30,28,8,4,1,157,27,6,29,205917,92,0,1,0,1,1,0,75,169.840679213074,22,4
11,18,8,4,1,289,36,13,33,205917,92,0,1,2,1,0,1,90,172,30,8
3,23,8,6,1,179,51,18,38,205917,92,0,1,0,1,0,0,89,170,31,2
3,18,8,2,1,179,51,18,38,205917,92,0,1,0,1,0,0,89,170,31,8
2,18,8,5,1,235,29,12,48,205917,92,0,1,1,0,1,0.61316067206091,88,172.292124704426,32.8197236771591,8
1,23,8,5,1,235,11,14,37,205917,92,0,3,1,0,0,1,88,172,29,4
2,18,8,2,1,235,29,12,48,205917,92,0,1,1,0,1,0.493689564051678,88,172.143281152599,33,8
3,23,8,2,1,179,51,18,38,205917,92,0,1,0,1,0,0,89,170,31,2
10,23,8,2,1,361,52,3,28,205917,92,0,1,1,1,0,1,80,172,27,1
11,24,8,3,1,289,36,13,33,205917,92,0,1,2,1,0,1,90,172,30,8
19,11,8,5,1,291,50,12,32,205917,92,0,1,0,1,0,0,65,169,26.0003458984939,4
2,28,8,6,1,235,29,12,48,205917,92,0,1,1,0,1,0.531431746724339,88,172.030106153667,33,8
20,23,8,6,1,260,50,11,36,205917,92,0,1,4,1,0,0,65,168,23,4
27,23,9,3,1,184,42,7,27,241476,92,0,1,0,0,0,0,58,167,21,2
34,23,9,2,1,118,10,10,37,241476,92,0,1,0,0,0,0,83,172,28,4
3,23,9,3,1,179,51,18,38,241476,92,0,1,0,1,0,0,89,170,31,4
5,19,9,3,1,235,20,13,43,241476,92,0,1,1,1,0,0,106,167,38,8
14,23,9,4,1,155,12,14,34,241476,92,0,1,2,1,0,0,95,172,25,2
34,23,9,2,1,118,10,10,37,241476,92,0,1,0,0,0,0,83,172,28,3
3,23,9,3,1,179,51,18,38,241476,92,0,1,0,1,0,0,89,170,31,3
15,23,9,5,1,291,31,12,40,241476,92,0,1,1,1,0,1,73,171,25,4
20,22,9,6,1,260,50,11,36,241476,92,0,1,4,1,0,0,65,168,23,4.67590631199854
15,14,9,2,4,287.661782565277,31,12,40,241476,92,0,1,1,1,0,1,73,171,25,32
20,20.7953854747462,9,2,4,260,50,11,36,241476,92,0,1,4,1,0,0,65,168,23,6.54096572540485
29,19.8722944141601,9,2,4,225,26,9,28,241476,92,1,1,1,0,0,2,69,169,24,0
28,23,9,3,4,225,26,9,28,241476,92,0,1,1,0,0,2,69,169,24,2
34,23,9,3,4,118,10,10,37,241476,92,0,1,0,0,0,0,83,172,28,2
11,22.7646904883221,9,3,4,289,36,13,33,241476,92,1,1,2,1,0,1,90,172,30,0
36,21.4241290280611,9,3,4,118,13,18,50,322864.286449752,92,1,1,1,1,0,0,98,167.115755219692,31,17.0336686750581
28,18,9,4,4,225,26,9,28,241476,92,0,1,1,0,0,2,69,169,24,3
3,23,9,4,4,179,51,18,38,241476,92,0,1,0,1,0,0,89,170,31,3
13,18.3228162074395,9,4,4,369,17,12,31,241476,92,1,1,3,1,0,0,70,169,25,0
33,23,9,6,4,248,25,14,47,241476,92,0,1,2,0,0,1,86,165,32,1
3,23,9,6,4,179,51,18,38,241476,92,0,1,0,1,0,0,89,170,31,3
20,23,9,6,4,260,50,11,36,241476,92,0,1,4,1,0,0,65,168,23,4
3,23,10,3,4,179,51,18,38,253465,93,0,1,0,1,0,0,89,170,31,3
34,23,10,3,4,118,10,10,37,253465,93,0,1,0,0,0,0,83,172,28,4.55519965842702
36,25.4389881989018,10,4,4,118,13,18,50,253465,93,1,1,1,1,0,0,98,166.999128961534,31,5.00154453360673
22,23,10,5,4,179,26,9,30,253465,93,0,3,0,0,0,0,56,171,19,1
3,23,10.9441877818425,6,4,179,51,18,38,253465,93,0,1,0,1,0,0,89,170,31,3
28,23,10,6,4,225,26,9,28,253465,93,0,1,1,0,0,2,69,169,24,3
34,23,10,3,4,118,10,10,37,253465,93,0,1,0,0,0,0,83,172,28,3
28,23,10,4,4,225,26,9,28,253465,93,0,1,1,0,0,2,69,169,24,2
33,23,10,4,4,248,25,14,47,253465,93,0,1,2,0,0,1,86,165,32,2
15,23,10,5,4,291,31,12,40,253465,93,0,1,1,1,0,1,73,171,25,5
3,23,10,4,4,179,51,18,38,253465,93,0,1,0,1,0,0,89,170,31,8
28,23,10,4,4,225,26,9,28,253465,93,0,1,1,0,0,2,69,169,24,3
20,19,10,5,4,260,50,11,36,253465,93,0,1,4,1,0,0,65,168,23,16
15,14,10,3,4,291,31,12,40,253465,93,0,1,1,1,0,1,73,171,25,8
28,28,10,3,4,225,26,9,28,253465,93,0,1,1,0,0,2,69,169,24,2
11,26,10,4,4,289,36,13,33,266898.671942583,93,0,1,2,1,0,1,90,172,30,8
10,23,10,6,4,361,52,3,28,253465,93,0,1,1,1,0,1,80,172,27,1
20,28,10,6,4,260,50,11,36,253465,93,0,1,4,1,0,0,65,168,23,3
3,23,11,5,4,179,51,18,38,306345,93,0,1,0,1,0,0,89,170,31,1
28,23,11,4,4,225,26,9,28,306345,93,0,1,1,0,0,2,69,169,24,1
3,13,11,5,4,179,51,18,38,306345,94.7523922745305,0,1,0,1,0,0,89,170,31,8
17,21,11,5,4,179,22,17,40,306345,93,0,2,2,0,1,0,63,170,22,8
15,23,11,5,4,291,31,12,40,280885.910922424,93,0,1,1,1,0,1,73,171,25,5
14,10,11,2,4,155,12,14,34,306345,93,0,1,2,1,0,0,95,171.568426604383,25,32
6,22,11,2,4,189,29,13,33,306345,93,0,1,2,0,0,2,69,167,25,8
15,14,11,2,4,291,31,12,40,306345,93,0,1,1,1,0,1,73,171,25,40
28,23,11,4,4,225,26,9,28,306345,93,0,1,1,0,0,2,69,169,24,1
14,6,11,6,4,155,12,14,34,306345,93,0,1,2,1,0,0,95,171.078969281804,25,8
28,23,11,4,4,225,26,9,28,306345,93,0,1,1,0,0,2,69,169,24,3
17,21,11,4,4,179,22,17,40,306345,94.665792887674,0,2,2,0,1,0,63,170,22,8
28,13,11,6,4,225,26,9,28,306345,93,0,1,1,0,0,2,69,169,24,3
20,28,11,6,4,260,50,11,36,251384.915891876,93,0,1,4,1,0,0,65,168,23,4
33,28,11,2,4,248,25,14,47,306345,93,0,1,2,0,0,1,86,165,32,1
28,28,11,3,4,225,26,9,28,306345,93,0,1,1,0,0,2,69,169,24,3
11,7,11,4,4,289,36,13,33,306345,93,0,1,2,1,0,1,90,172,30,24
15,23,11,5,4,291,31,12,40,306345,93,0,1,1,1,0,1,73,171,25,3
33,23,12,3,4,248,25,14,47,261306,97,0,1,2,0,0,1,86,165,32,1
34,19,12,3,4,118,10,10,37,261306,97,0,1,0,0,0,0,83,172,28,64
36,23,12,4,4,118,13,18,50,261306,97,0,1,1,1,0,0,98,167.35135035296,31,2
1,26,12,4,4,235,11,14,37,261306,97,0,3,1,0,0,1,88,172,29,8
28,23,12,5,4,225,26,9,28,261306,97,0,1,1,0,0,2,69,169,24,2
20,26,12,6,4,260,50,11,36,261306,97,0,1,4,1,0,0,65,168,23,8
34,19,12,3,4,118,10,10,37,264965.933944565,97,0,1,0,0,0,0,83,172,28,56
10,22,12,4,4,361,52,3,28,280276.393187912,97,0,1,1,1,0,1,80,172,27,8
28,28,12,5,4,225,26,9,28,261306,97,0,1,1,0,0,2,69,169,24,3
20,28,12,6,4,260,50,11,36,261306,97,0,1,4,1,0,0,65,168,23,3
28,23,12,3,4,225,26,9,28,261306,97,0,1,1,0,0,2,69,169,24,2
10,22,12,4,4,361,52,3,28,261306,97,0,1,1,1,0,1,80,172,27,8
34,27,12,6,4,118,10,10,37,261306,97,0,1,0,0,0,0,83,172,28,2
24,19,12,6,2,246,25,16,41,261306,97,0,1,0,1,0,0,67,170,23,8
28,23,12,6,2,225,26,9,28,261306,93.5852963675787,0,1,1,0,0,2,69,169,24,2
28,23,1,4,2,225,26,9,28,309366.2843512,95,0,1,1,0,0,2,69,169,24,1
34,19,1,2,2,118,10,10,37,278943.703044415,95,0,1,0,0,0,0,83,172,28,1
34,27,1,3,2,118,10,10,37,308593,95,0,1,0,0,0,0,83,172,28,1
14,18,1,3,2,155,12,14,34,308593,97.3059199197797,0,1,2,1,0,0,95,172,25,8
28,27,1,4,2,225,26,9,28,308593,95,0,1,1,0,0,2,69,169,24,2
27,23,1,5,2,184,42,7,27,308593,95,0,1,0,0,0,0,65.3772719333548,167,21,2
28,28,1,5,2,225,26,9,28,308593,95,0,1,1,0,0,2,69,169,24,2
28,27,1,6,2,225,26,9,28,308593,95,0,1,1,0,0,2,69,169,24,1
34,27,1,2,2,118,10,10,37,308593,95,0,1,0,0,0,0,83,172,28,2
28,27,1,3,2,225,26,9,28,308593,95,0,1,1,0,0,2,69,169,24,2
34,27,1,3,2,118,10,10,37,308593,95.2417108638045,0,1,0,0,0,0,83,172,28,2
34,27,1,4,2,118,10,10,37,308593,95.4788694437573,0,1,0,0,0,0,83,172,28,2
34,27,1,5,2,118,10,10,37,308593,95,0,1,0,0,0,0,83,172,28,2
34,27,1,6,2,118,10,10,37,308593,95,0,1,0,0,0,0,83,172,28,2
34,27,1,2,2,118,10,10,37,308593,95,0,1,0,0,0,0,83,172,28,2
34,27,1,3,2,118,10,10,37,308593,95,0,1,0,0,0,0,83,172,28,2
22,18,1,3,2,179,26,9,30,308593,95,0,3,0,0,0,0,56,171,19,8
11,18,1,3,2,289,36,13,33,308593,95,0,1,2,1,0,1,90,172,30,8
34,27,1,4,2,118,10,10,37,308593,95,0,1,0,0,0,0,83,172,28,2
27,23,1,5,2,184,42,7,27,299012.857441637,95,0,1,0,0,0,0,58,168.302028230382,21,2
34,27,1,5,2,118,10,10,37,308593,95,0,1,0,0,0,0,83,172,28,2
34,27,1,2,2,118,10,10,37,308593,95,0,1,0,0,0,0,83,172,28,0
28,23,1,3,2,225,26,9,28,308593,95,0,1,1,0,0,2,69,169,24,1
11,22,1,5,2,289,36,13,33,308593,95,0,1,2,1,0,1,90,172,30,3
27,23,2,6,2,184,42,7,27,302585,99,0,1,0.717822784676684,0,0,0,58,167,21,1
24,1,2,4,2,246,25,16,41,302585,99,0,1,0,1,0,0,67,170,23,8
3,11,2,4,2,179,51,18,38,302585,99,0,1,0,1,0,0,89,170,31,8
14,28,2,5,2,155,12,14,34,302585,99,0,1,2,1,0,0,95,172,25,2
6,23,2,5,2,189,29,13,33,302585,99,0,1,2,0,0,2,69,167,25,8
20,28,2,6,2,260,50,11,36,302585,99,0,1,4,1,0,0,65,168,23,2
11,22,2,6,2,289,36,13,33,302585,99,0,1,2,1,0,1,90,172,30,8
31,11,2,2,2,118,15,9,50,302585,99,0,1,0,0,0,0,76,172,24,8
31,1,2,3,2,149.179546814348,15,9,50,302585,99,0,1,0,0,0,0,76,171.512819581026,24,8
28,28,2,2,2,225,26,9,28,302585,99,0,1,1,0,0,2,69,169,24,2
28,23,2,3,2,225,26,9,28,302585,99,0,1,1,0,0,2,69,169,24,2
22,23,2,3,2,179,26,9,30,302585,99,0,3,0,0,0,0,56,171,19,1
27,23,2,3,2,184,42,7,27,302585,99,0,1,0,0,0,0,58,167,21,8
28,25,2,5,2,225,26,9,28,302585,99,0,1,1,0,0,2,69,169,24,3
18,18,2,2,2,330,16,4,28,302585,99,0,2,0,0,0,0,84,169.760489661357,25,8
18,23,2,3,2,330,16,4,28,302585,99,0,2,0,0,0,0,84,168.660417177664,25,1
28,23,2,4,2,225,26,9,28,302585,99,0,1,1,0,0,2,69,169,24,1
6,19,2,5,2,189,29,13,33,302585,99,0,1,2,0,0,2,69,167,25,8
19,28,3,3,2,291,50,12,32,343253,95,0,1,0,1,0,0,65,169,23,2
20,19,3,3,2,260,50,11,36,343253,95,0,1,4,1,0,0,65,168,23,8
30,19,3,3,2,157,27,6,29,343253,95,0,1,0,1,1,0,75,168.612364435592,22,3
17,17,3,3,2,179,22,17,40,343253,95,0,2,2,0,1,0,63,170,22,8
15,22,3,4,2,291,31,12,40,343253,95,0,1,1,1,0,1,73,171,25.5627979915406,8
20,13,3,4,2,260,50,11,36,343253,95,0,1,4,1,0,0,65,168,23,8
22,13,3,5,2,179,26,9,30,343253,95,0,3,0,0,0,0,56,171,19,8
33,14,3,6,2,248,25,14,47,343253,95,0,1,2,0,0,1,86,165,32,3
20,13,3,6,2,260,50,11,36,343253,95,0,1,4,1,0,0,65,168,23,40
17,11,3,2,2,179,22,17,40,343253,95,0,2,2,0,1,0,63,170,22,40
14,1,3,2,2,155,12,14,34,343253,95,0,1,2,1,0,0,95,171.470258884938,25,16
20,26,3,2,2,260,50,11,36,343253,95,0,1,4,1,0,0,65,168,23,16
14,13,3,3,2,155,12,14,34,343253,95,0,1,2,1,0,0,95,172,25,8
11,6,3,5,2,289,36,13,33,343253,95,0,1,2,1,0,1,90,172,30,8
17,8,3,5,2,179,22,17,40,343253,95,0,2,2,0,1,0,63,170,22,8
20,28,3,6,2,260,50,11,36,343253,95,0,1,4,1,0,0,65,168,23,4
28,23,3,6,2,225,26,9,28,343253,95,0,1,1,0,0,2,69,169,24,1
7,14,3,2,2,279,5,14,39,343253,95,0,1,2,1,1,0,68,168,24,8
3,13,3,3,2,179,51,18,38,343253,95,0,1,0,1,0,0,89,170,31,24
28,23,3,4,2,225,26,9,28,343253,95,0,1,1,0,0,2,69,169,24,2
28,11,3,2,3,225,26,9,28,343253,95,0,1,1,0,0,2,69,169,24,8
22,13,3,2,3,179,26,9,30,343253,95,0,3,0,0,0,0,56,171,19,1
28,11,3,3,3,225,26,9,28,343253,95,0,1,1,0,0,2,69,169,24,8
28,11,3,4,3,225,26,9,28,343253,95,0,1,1,0,0,2,69,169,24,16
3,13,3,4,3,179,51,18,38,343253,95,0,1,0,1,0,0,89,170,31,3
7,14,3,5,3,279,5,14,39,343253,95,0,1,2,1,1,0,68,168,24,16
28,28,3,6,3,225,26,9,28,343253,95,0,1,1,0,0,2,69,169,24,2
33,14,3,6,3,248,25,14,47,343253,95,0,1,2,0,0,1,86,165,32,3
28,28,3,2,3,225,26,9,28,343253,95,0,1,1,0,0,2,69,169,24,1
15,28,4,4,3,291,31,12,40,326452,96,0,1,1,1,0,1,73,171,25,1
28,23,4,4,3,225,26,9,28,326452,96,0,1,1,0,0,2,69,169,24,1
14,28,4,3,3,155,12,14,34,326452,96,0,1,2,1,0,0,95,171.783419416522,25,1
24,13,4,4,3,246,25,16,41,326452,96,0,1,0,1,0,0,67,170,23,24
14,23,4,5,3,155,12,14,34,326452,96,0,1,2,1,0,0,95,171.80292914482,25,1
28,28,4,6,3,225,26,9,28,326452,96,0,1,1,0,0,2,69,169,24,2
20,28,4,6,3,260,50,11,36,326452,96,0,1,4,1,0,0,65,168,23,4
3,13,4,4,3,179,51,18,38,326452,96,0,1,0,1,0,0,89,170,31,24
36,23,4,5,3,118,13,18,50,326452,96,0,1,1,1,0,0,98,167.498122092902,31,1
15,23,4,6,3,291,31,12,40,326452,96,0,1,1,1,0,1,73,171,25,3
24,14,4,6,3,246,25,16,41,326452,96,0,1,0,1,0,0,67,170,23,8
15,28,4,6,3,291,31,12,40,326452,96,0,1,1,1,0,1,73,171,25,1
33,28,4,6,3,248,25,14,47,326452,96,0,1,2,0,0,1,86,165,32,8
20,19,4,6,3,260,50,11,36,326452,96,0,1,4,1,0,0,65,168,23,56
11,19,4,3,3,289,36,13,33,326452,96,0,1,2,1,0,1,90,172,30,8
14,12,4,4,3,155,12,14,34,326452,96,0,1,2,1,0,0,95,171.618130847005,25,24
23,19,4,4,3,378,49,11,36,326452,96,0,1,2,0,1,0.656782599434438,65,174,21,8
11,13,4,5,3,289,36,13,33,326452,96,0,1,2,1,0,1,90,172,30,16
1,7,4,6,3,235,11,14,37,326452,96,0,3,1,0,0,1,88,172,29,3
2,21.3543474438897,4,2,3,235,29,12,48,326452,96,1,1,1,0,1,0.593555641100321,88,169.746449491601,33,0
11,13,5,4,3,289,36,13,33,324412.442562092,92,0,1,2,1,0,1,90,172,30,8
14,28,5,5,3,155,12,14,34,285549.338042391,92,0,1,2,1,0,0,95,171.61130624708,25,2
14,28,5,2,3,155,12,14,34,264516.471934216,92,0,1,2,1,0,0,95,171.59871757148,25,1
3,18,5,3,3,179,51,18,38,274565.746599702,92,0,1,0,1,0,0,89,170,31,8
28,19,5,3,3,225,26,9,28,259873.962084219,92,0,1,1,0,0,2,69,169,24,8
27,7,5,4,3,184,42,7,27,282684.688349,92,0,1,0,0,0,0,58,167,21,4
14,28,5,2,3,155,12,14,34,264566.42065246,92,0,1,2,1,0,0,95,171.599806701252,25,2
3,12,5,3,3,179,51,18,38,291881.732461841,92,0,1,0,1,0,0,89,170,31,1
11,13,5,4,3,289,36,13,33,323667.044894213,92,0,1,2,1,0,1,90,172,30,24
7,15.4165237072721,5,4,3,279,5,14,39,282707.235500771,92,1,1,2,1,1,0,68,168,24,0
18,12.136463373072,5,4,3,330,16,4,28,250474.044652154,92,1,2,0,0,0,0,84,169.586869348339,25,0
23,18.6446769646035,5,4,3,378,49,11,36,257860.992728933,92,1,1,2,0,1,0.822664083169119,65,174,21,8
31,12.354725800207,5,4,3,249.843823065435,15,9,50,258232.283022903,92,1,1,0,0,0,0,76,169.459268215508,24,0
3,11,5,3,3,179,51,18,38,303779.526560211,92,0,1,0,1,0,0,89,170,31,1
36,13,5,4,3,118,13,18,50,268535.399465843,92,0,1,1,1,0,0,98,168.974286777944,31,24
10,22,5,6,3,361,52,3,28,245086.381471742,92,0,1,1,1,0,1,80,172,27,5.27477734086618
24,19,6,2,3,246,25,16,40.2010608875654,268287.880195484,94,0,1,0,1,0,0,67,170,23.1709886286723,8
10,22,6,2,3,361,52,3,28,277547.124929086,94,0,1,1,1,0,1,80,172,27,8
24,10,6,3,3,246,25,16,41,300057.124578216,94,0,1,0,1,0,0,67,170,23,24
15,23,6,5,3,291,31,12,40,301884.438522168,94,0,1,1,1,0,1,73,171,25,4
24,10,6,6,3,246,25,16,40.8898494985695,294639.635133767,94,0,1,0,1,0,0,67,170,23,14.4630666310474
3,11,6,2,3,179,51,18,38,300047.74555796,94,0,1,0,1,0,0,89,170,31,8
14,23,6,2,3,155,12,14,34,271975.878707753,94,0,1,2,1,0,0,95,172,25,4
24,10,6,2,3,246,25,16,41,280099.412222219,94,0,1,0,1,0,0,67,170,23,8
36,13,6,4,3,118,13,18,50,275348.34288799,94,0,1,1,1,0,0,98,167.840555540677,31,8
1,13,6,6,3,235,11,14,37,271168.643863379,94,0,3,1,0,0,1,88,172,29,16
36,23,6,3,3,118,13,18,50,249507.577189439,94,0,1,1,1,0,0,98,167.894953611765,31,1
36,13,6,4,3,118,13,18,50,264097.468573828,94,0,1,1,1,0,0,98,171.683773965748,31,80
23,22,6,5,3,378,49,11,36,256413.603011236,94,0,1,2,0,1,0.906380566138191,65,174,21,8
3,11,6,6,3,179,51,18,38,285741.053619385,94,0,1,0,1,0,0,89,170,31,2
32,28,6,2,1,289,48,13.2551936485729,49,257662.388829111,94,0,1,0,0,0,2,108,172,36,2
28,28,6,5,1,225,26,9,28,272867.775843564,94,0,1,1,0,0,2,69,169,24,2
14,19,7,3,1,155,12,14,34,275312,98,0,1,2,1,0,0,95,172,25,16
36,1,7,4,1,118,13,18,50,275312,98,0,1,1,1,0,0,98,170.359902726506,31,8
34,5,7,6,1,118,10,10,37,275312,98,0,1,0,0,0,0,83,172,28,8
34,26,7,6,1,118,10,10,37,275312,98,0,1,0,0,0,0,83,172,28,4
18,26,7,3,1,330,16,4,28,275312,98,0,2,0,0,0,0,84,169.848057258844,25,8
22,18,7,5,1,179,26,9,30,275312,98,0,3,0,0,0,0,56,171,19,8
14,25,7,6,1,155,12,14,34,275312,98,0,1,2,1,0,0,95,172,25,2
18,1,7,2,1,330,16,4,28,275312,98,0,2,0,0,0,0,84,170.017242993328,25,8
18,1,7,3,1,330,16,4,28,275312,98,0,2,0,0,0,0,84,169.626266926496,25,8
30,25,7,2,1,157,27,6,29,275312,98,0,1,0,1,1,0,75,171.365066382675,22,3
10,22,7,3,1,361,52,3,28,275312,98,0,1,1,1,0,1,80,172,27,8
11,26,7,4,1,289,36,13,33,275312,98,0,1,2,1,0,1,90,172,30,8
3,26,7,5,1,179,51,18,38,275312,98,0,1,0,1,0,0,89,170,31,8
11,19,7,2,1,289,36,13,33,275312,98,0,1,2,1,0,1,90,172,30,32
11,19,7,5,1,289,36,13,33,275312,98,0,1,2,1,0,1,90,172,30,8
20,18.4116432892632,7,5,1,260,50,11,36,275312,98,1,1,4,1,0,0,65,168,23,0
11,19,8,6,1,289,36,13,33,265615,94,0,1,2,1,0,1,90,172,30,8
30,19,8,6,1,157,27,6,29,265615,94,0,1,0,1,1,0,75,172.59245016068,22,3
11,23,8,2,1,289,36,13,33,265615,94,0,1,2,1,0,1,90,172,30,1
9,18,8,3,1,228,14,16,33.7350892619593,265615,94,0,1,2,0,0,1,65,172,22,8
26,13,8,5,1,300,26,13,43,265615,94,0,1,2,1,1,1,77,175,25,1
26,14,8,5,1,300,26,13,43,265615,94,0,1,2,1,1,1,77,175,25,2
20,28,8,6,1,260,50,11,36,265615,94,0,1,4,1,0,0,65,168,23,4
11,23,8,3,1,289,36,13,33,265615,94,0,1,2,1,0,1,90,172,30,4
33,23,8,4,1,248,25,14,47,265615,94,0,1,2,0,0,1,86,165,32,1
21,11,8,5,1,268,11,8,33,265615,94,0,2,0,0,0,0,79,171.820439120024,25,8
22,23,8,5,1,179,26,9,30,265615,94,0,3,0,0,0,0,56,171,19,1
36,13,8,5,1,118,13,18,50,265615,94,0,1,1,1,0,0,98,170.395873290554,31,3
33,25,8,2,1,248,25,14,47,265615,94,0,1,2,0,0,1,86,165,32,2
1,23,8,3,1,235,11,14,37,265615,94,0,3,1,0,0,1,88,172,29,1
36,23,8,5,1,118,13,18,50,265615,94,0,1,1,1,0,0,98,168.916600211428,31,1
1,19,8,5,1,235,11,14,37,265615,94,0,3,1,0,0,1,88,172,29,8
10,8,8,3,1,361,52,3,28,265615,94,0,1,1,1,0,1,80,172,27,8
27,6,8,4,1,184,42,7,27,265615,94,0,1,0,0,0,0,58,167,21,30.3606994757656
3,11,9,2,1,179,51,18,38,294217,93.3823895612733,0,1,0,1,0,0,89,170,31,8
3,23,9,6,1,179,51,18,38,294217,96.4461192147476,0,1,0,1,0,0,89,170,31,3
11,19,9,4,1,289,36,13,33,294217,96.4260168028683,0,1,2,1,0,1,90,171.159954470595,27.8731236235757,24
5,22.788655548749,9,5,1,235,20,13,43,294217,90.8697002433277,1,1,1,1,0,0,106,169.502264856333,31.4577793951963,0
24,9,9,2,1,246,25,16,41,294217,93.7599899269298,0,1,0,1,0,0,67,170,23,16
15,28,9,3,1,291,31,12,40,294217,91.0379624747384,0,1,1,1,0,1,73,171,25,3
8,18.5856885200857,9,3,1,231,35,14,39,294217,91.3248933136656,1,1,2,1,0,2,100,170,35,0
19,24.8495243786773,9,3,1,291,50,12,32,294217,94.4155864903307,1,1,0,1,0,0,65,169,23,0
3,13,9,4,1,179,51,18,38,294217,95.3714353544142,0,1,0,1,0,0,89,170,31,8
24,9,9,4,1,246,25,16,41,294217,97.0566700315454,0,1,0,1,0,0,67,170,23,32
3,23,9,5,1,179,51,18,38,294217,96.4131296107321,0,1,0,1,0,0,89,170,31,1
15,28,9,6,1,291,31,12,40,294217,90.9231473378611,0,1,1,1,0,1,73,171,25,4
20,28,9,6,1,260,50,11,36,294217,94.8212507177899,0,1,4,1,0,0,65,168,23,4
5,26,9,4,4,235,20,13,43,294217,93.4622206743973,0,1,1,1,0,0,106,167,38,8
36,28,9,5,4,118,13,18,50,294217,93.2001742465786,0,1,1,1,0,0,98,169.086300577107,31,1
5,24.6334134019097,9,5,4,235,20,13,43,294217,89.7937836447574,1,1,1,1,0,0,106,167,38,0
15,28,9,6,4,291,31,12,40,294217,92.5231414884198,0,1,1,1,0,1,73,171,25,3
15,7,9,2,4,291,31,12,40,294217,93.2182293131849,0,1,1,1,0,1,73,171,25,40
3,13,9,2,4,179,51,18,38,294217,95.7837444600903,0,1,0,1,0,0,89,170,31,8
11,24,10,2,4,289,36,13,33,265017,88,0,1,2,1,0,1,90,172,30,8
1,26,10,2,4,235,11,14,37,265017,88,0,3,1,0,0,1,88,172,29,4
11,26,10,2,4,289,36,13,33,265017,88,0,1,2,1,0,1,90,172,30,8
11,22,10,6,4,289,36,13,33,265017,88,0,1,2,1,0,1,90,172,30,8
36,24.554275449777,10,6,4,118,13,18,50,265017,88,1,1,1,1,0,0,98,166.564130108652,31,0
33,20.2525311760087,10,6,4,248,25,14,47,265017,88,1,1,2,0,0,1,86,165,32,0
22,1,10,2,4,179,26,9,30,265017,88,0,3,0,0,0,0,56,171,19,8
34,7,10,2,4,118,10,10,37,265017,88,0,1,0,0,0,0,83,172,28,3
13,22,10,2,4,369,17,12,31,265017,88,0,1,3,1,0,0,70,169,25,8
3,28,10,4,4,179,51,18,38,265017,88,0,1,0,1,0,0,89,170,31,1
22,1,10,4,4,179,26,9,30,265017,88,0,3,0,0,0,0,56,171,19,64
5,22.5102487344387,10,4,4,235,20,13,43,265017,88,1,1,1,1,0,0,106,167,38,0
11,19,10,5,4,289,36,13,33,265017,88,0,1,2,1,0,1,90,172,30,16
20,28,10,6,4,260,50,11,36,265017,88,0,1,4,1,0,0,65,168,23,4.36148349732985
5,24.7914519190833,10,6,4,235,20,13,43,265017,88,1,1,1,1,0,0,106,167,38,0
5,23,10,2,4,235,20,13,43,265017,88,0,1,1,1,0,0,106,167,38,2
5,23,10,2,4,235,20,13,43,265017,88,0,1,1,1,0,0,106,167,38,2
36,28,10,3,4,118,13,18,50,265017,88,0,1,1,1,0,0,98,168.648548032624,31,1
15,28,10,3,4,291,31,12,40,265017,88,0,1,1,1,0,1,73,171,25,4
22,23,10,5,4,179,26,9,30,265017,88,0,3,0,0,0,0,56,171,19,16
36,28,10,5,4,118,13,18,50,265017,88,0,1,1,1,0,0,98,168.804657698143,31,1
10,10,10,2,4,361,52,3,28,265017,88,0,1,1,1,0,1,80,172,27,8
20,22.6961927158029,10,3,4,260,50,11,36,265017,88,1,1,4,1,0,0,65,168,23,0
15,24.4087044659043,10,3,4,291,31,12,40,265017,88,1,1,1,1,0,1,73,171,25,0
30,21.6286842419055,10,3,4,157,27,6,29,265017,88,1,1,0,1,1,0,75,169.775336372154,22,4.94218715008954
22,1,10,4,4,179,26,9,30,265017,88,0,3,0,0,0,0,56,171,19,5
22,7,10,4,4,179,26,9,30,265017,88,0,3,0,0,0,0,56,171,19,5
36,23,10,5,4,118,13,18,50,265017,88,0,1,1,1,0,0,98,167.48069982635,31,1
34,11,11,2,4,118,10,10,37,284031,97,0,1,0,0,0,0,83,172,28,8
33,23,11,2,4,248,25,14,47,284031,97,0,1,2,0,0,1,86,165,32,2
3,6,11,3,4,179,51,18,38,284031,97,0,1,0,1,0,0,89,170,31,8
20,28,11,6,4,260,50,11,36,284031,97,0,1,4,1,0,0,65,168,23,3
15,23,11,2,4,291,31,12,40,284031,97,0,1,1,1,0,1,73,171,25,1
23,1,11,2,4,378,49,11,36,284031,97,0,1,2,0,1,0.607028264127867,65,174,21,8
14,11,11,2,4,155,12,14,34,284031,97,0,1,2,1,0,0,95,171.568983269676,25,45.3313204285436
5,26,11,2,4,235,20,13,43,284031,97,0,1,1,1,0,0,106,167,38,8
18,11.8174309565068,11,3,4,330,16,4,28,284031,97,1,2,0,0,0,0,84,170.009505714467,25,0
1,18,11,4,4,235,11,14,37,284031,97,0,3,1,0,0,1,88,172,29,1
34,11,11,4,4,118,10,10,37,284031,97,0,1,0,0,0,0,83,172,28,3
1,25,11,5,4,235,11,14,37,284031,97,0,3,1,0,0,1,88,172,29,2
3,28,11,5,4,179,51,18,38,284031,97,0,1,0,1,0,0,89,170,31,3
24,13,11,6,4,246,25,16,41,284031,97,0,1,0,1,0,0,67,170,23,8
15,12,11,6,4,291,31,12,40,284031,97,0,1,1,1,0,1,73,171,25,4
24,13,11,2,4,246,25,16,41,284031,97,0,1,0,1,0,0,67,170,23,8
3,28,11,3,4,179,51,18,38,284031,97,0,1,0,1,0,0,89,170,31,1
20,10,11,4,4,260,50,11,36,284031,97,0,1,4,1,0,0,65,168,23,8
20,15,11,6,4,260,50,11,36,284031,97,0,1,4,1,0,0,65,168,23,8
23,17.2129273963974,11,6,4,378,49,11,36,284031,97,1,1,2,0,1,0.830283568550204,65,174,21,0
7,14.3639426159862,11,3,4,279,5,14,39,284031,97,1,1,2,1,1,0,68,168,24,120
3,23,11,5,4,179,51,18,38,284031,97,0,1,0,1,0,0,89,170,31,1
28,12,12,2,4,225,26,9,28,236629,93,0,1,1,0,0,2,69,169,24,3
3,28,12,2,4,179,51,18,38,236629,93,0,1,0,1,0,0,89,170,31,2
3,28,12,2,4,179,51,18,38,236629,93,0,1,0,1,0,0,89,170,31,1
1,23,12,2,4,235,11,14,37,236629,93,0,3,1,0,0,1,88,172,29,3
36,28,12,3,4,118,13,18,50,236629,93,0,1,1,1,0,0,98,169.131973634898,31,1
20,28,12,6,4,260,50,11,36,236629,93,0,1,4,1,0,0,65,168,23,4
24,4,12,5,4,246,25,16,41,236629,93,0,1,0,1,0,0,67,170,23,8
3,28,12,5,4,179,51,18,38,236629,93,0,1,0,1,0,0,89,170,31,1
3,28,12,6,4,179,51,18,38,236629,93,0,1,0,1,0,0,89,170,31,1
22,23,12,3,4,179,26,9,30,236629,93,0,3,0,0,0,0,56,171,19,1
34,25,12,3,4,118,10,10,37,236629,93,0,1,0,0,0,0,83,172,28,8
1,25,12,5,4,235,11,14,37,236629,93,0,3,1,0,0,1,88,172,29,2
3,28,12,6,4,179,51,18,38,236629,93,0,1,0,1,0,0,89,170,31,1
5,13,12,3,2,235,20,13,43,236629,93,0,1,1,1,0,0,106,167,38,8
1,14,12,3,2,235,11,14,37,236629,93,0,3,1,0,0,1,88,172,29,4
20,26,12,4,2,260,50,11,36,236629,93,0,1,4,1,0,0,65,168,23,8
30,28,12,2,2,157,27,6,29,236629,93,0,1,0,1,1,0,75,170.695149773717,22,2
3,28,12,2,2,179,51,18,38,236629,93,0,1,0,1,0,0,89,170,31,3
11,19,12,2,2,289,36,13,33,236629,93,0,1,2,1,0,1,90,172,30,8
28,23,1,4,2,225,26,9,28,330061,100,0,1,1,0,0,2,69,169,24,5
34,19,1,2,2,118,10,10,37,330061,100,0,1,0,0,0,0,83,172,28,32
14,23,1,2,2,155,12,14,34,330061,100,0,1,2,1,0,0,95,171.213853615221,25,2
1,13,1,3,2,235,11,14,37,330061,100,0,3,1,0,0,1,88,172,29,1
14,23,1,3,2,155,12,14,34,330061,100,0,1,2,1,0,0,95,172,25,4
11,26,1,2,2,289,36,13,33,330061,100,0,1,2,1,0,1,90,172,30,8
15,3,1,4,2,291,31,12,40,330061,100,0,1,1,1,0,1,73,171,25,8
5,26,1,2,2,235,20,13,43,330061,100,0,1,1,1,0,0,106,167,38,8
36,26,1,2,2,118,13,18,50,330061,100,0,1,1,1,0,0,98,170.901777265723,31,4
3,20.9643830460027,1,4,2,179,51,18,38,330061,100,0,1,0,1,0,0,89,170,31,1
3,28,1,6,2,179,51,18,38,330061,100,0,1,0,1,0,0,89,170,31,1
34,28,2,3,2,118,10,10,37,251818,96,0,1,0,0,0,0,83,172,28,2
3,27,2,4,2,179,51,18,38,251818,96,0,1,0,1,0,0,89,170,31,3
28,7,2,4,2,225,26,9,28,251818,96,0,1,1,0,0,2,69,169,24,1
11,22,2,6,2,289,36,13,33,251818,96,0,1,2,1,0,1,90,172,30,3
20,28,2,6,2,260,50,11,36,251818,96,0,1,4,1,0,0,65,168,23,3
3,23,2,6,2,179,51,18,38,251818,96,0,1,0,1,0,0,89,170,31,3
3,27,2,2,2,179,51,18,38,251818,96,0,1,0,1,0,0,89,170,31,2
3,27,2,4,2,179,51,18,38,251818,96,0,1,0,1,0,0,89,170,31,3
3,10,2,5,2,179,51,18,38,251818,96,0,1,0,1,0,0,89,170,31,8
24,26,2,5,2,246,25,16,41,251818,96,0,1,0,1,0,0,67,170,23,8
3,27,2,6,2,179,51,18,38,251818,96,0,1,0,1,0,0,89,170,31,3
6,17.5637038283041,2,2,2,189,29,13,33,251818,96,0,1,2,0,0,2,69,167,25,8
3,27,2,2,2,179,51,18,38,251818,96,0,1,0,1,0,0,89,170,31,3
24,23,2,3,2,246,25,16,41,251818,96,0,1,0,1,0,0,67,170,23,2
15,23,2,3,2,291,31,12,40,251818,96,0,1,1,1,0,1,73,171,25,2
30,11,2,4,2,157,27,6,29,251818,96,0,1,0,1,1,0,75,171.656365002241,22,16
3,27,2,4,2,179,51,18,38,251818,96,0,1,0,1,0,0,89,170,31,3
3,27,2,6,2,179,51,18,38,251818,96,0,1,0,1,0,0,89,170,31,3
24,10,2,6,2,246,25,16,41,251818,96,0,1,0,1,0,0,67,170,23,24
3,27,2,4,2,179,51,18,38,251818,96,0,1,0,1,0,0,89,170,31,3
3,27,2,6,2,179,51,18,38,251818,96,0,1,0,1,0,0,89,170,31,3
34,18,3,3,2,118,10,10,37,244387,98,0,1,0,0,0,0,83,172,28,8
24,19,3,4,2,246,25,16,41,244387,98,0,1,0,1,0,0,67,170,23,16
24,28,3,6,2,246,25,16,41,244387,98,0,1,0,1,0,0,67,170,23,2
20,28,3,6,2,260,50,11,36,244387,98,0,1,4,1,0,0,65,168,23,4
3,28,3,2,2,179,51,18,38,244387,98,0,1,0,1,0,0,89,170,31,2
1,22,3,2,2,235,11,14,37,244387,98,0,3,1,0,0,1,88,172,29,8
17,22,3,3,2,179,22,17,40,244387,98,0,2,2,0,1,0,63,170,22,8
23,22,3,3,2,378,49,11,36,244387,98,0,1,2,0,1,0.842494566094925,65,174,21,10.1025063315079
3,28,3,2,2,179,51,18,38,244387,98,0,1,0,1,0,0,89,170,31,16
10,22,3,4,2,361,52,3,28,244387,98,0,1,1,1,0,1,80,172,27,5.08979830281566
13,19.5525937820724,3,4,2,369,17,12,31,244387,98,1,1,3,1,0,0,70,169,25,0
1,21,3,5,2,235,11,14,37,244387,98,0,3,1,0,0,1,88,172,29,8
36,23,3,6,3,118,13,18,50,244387,98,0,1,1,1,0,0,98,166.364360475062,31,2
36,14,3,3,3,118,13,18,50,244387,98,0,1,1,1,0,0,98,167.78032060695,31,3
36,13,3,4,3,118,13,18,50,244387,98,0,1,1,1,0,0,98,169.295783136835,31,8
1,17.9643414888549,3,5,3,235,11,14,37,244387,98,1,3,1,0,0,1,88,172,29,8
24,24.9900966212538,3,5,3,246,25,16,41,244387,98,1,1,0,1,0,0,67,170,23,0
36,15.1417165330133,3,5,3,118,13,18,50,244387,98,1,1,1,1,0,0,98,168.489309898354,31,0
3,28,3,6,3,179,51,18,38,244387,98,0,1,0,1,0,0,89,170,31,8
11,22,3,6,3,289,36,13,33,244387,98,0,1,2,1,0,1,90,172,30,8
20,19,3,2,3,260,50,11,36,244387,98,0,1,4,1,0,0,65,168,23,8
24,28,3,3,3,246,25,16,41,244387,98,0,1,0,1,0,0,67,170,23,2
3,28,4,4,3,179,51,18,38,239409,98,0,1,0,1,0,0,89,170,31,4
20,28,4,6,3,260,50,11,36,239409,98,0,1,4,1,0,0,65,168,23,3
18,26,4,6,3,330,16,4,28,239409,98,0,2,0,0,0,0,84,171,25,4
13,22,4,2,3,369,17,12,31,239409,98,0,1,3,1,0,0,70,169,25,4
33,26,4,2,3,248,25,14,47,239409,98,0,1,2,0,0,1,86,165,32,4
18,23,4,4,3,330,16,4,28,239409,98,0,2,0,0,0,0,84,170.621251250798,25,8
3,28,4,4,3,179,51,18,38,239409,98,0,1,0,1,0,0,89,170,31,8
36,23,4,2,3,118,13,18,50,239409,98,0,1,1,1,0,0,98,166.269901336878,31,1
36,13,4,4,3,118,13,18,50,239409,98,0,1,1,1,0,0,98,171.915593190083,31,120
26,28,4,6,3,300,26,13,43,239409,98,0,1,2,1,1,1,77,175,25,8
20,28,4,6,3,260,50,11,36,239409,98,0,1,4,1,0,0,65,168,23,4
3,28,4,2,3,179,51,18,38,239409,98,0,1,0,1,0,0,89,170,31,4
34,11,4,4,3,118,10,10,37,239409,98,0,1,0,0,0,0,83,172,28,2
5,13,5,2,3,235,20,13,43,246074,99,0,1,1,1,0,0,106,167,38,16
33,23,5,4,3,248,25,14,47,246074,99,0,1,2,0,0,1,86,165,32,2
13,10,5,2,3,369,17,12,31,246074,99,0,1,3,1,0,0,70,169,25,8
22,23,5,4,3,179,26,9,30,246074,99,0,3,0,0,0,0,56,171,19,3
3,28,5,4,3,179,51,18,38,246074,99,0,1,0,1,0,0,89,170,31,4
10,23,5,5,3,361,52,3,28,246074,99,0,1,1,1,0,1,80,172,27,1
20,28,5,6,3,260,50,11,36,246074,99,0,1,4,1,0,0,65,168,23,3
17,11,5,2,3,179,22,17,40,246074,99,0,2,2,0,1,0,63,170,22,2
17,8,5,2,3,179,22,17,40,246074,99,0,2,2,0,1,0,63,170,22,3
9,18,5,4,3,228,14,16,37.9525047205796,246074,99,0,1,2,0,0,1,65,172,22,8
28,25,5,4,3,225,26,9,28,246074,99,0,1,1,0,0,2,69,169,24,3
18,13,5,6,3,330,16,4,28,246074,99,0,2,0,0,0,0,84,171,25,8
22,25,5,2,3,179,26,9,30,246074,99,0,3,0,0,0,0,56,171,19,2
34,28,5,2,3,118,10,10,37,246074,99,0,1,0,0,0,0,83,172,28,1
1,1,5,2,3,235,11,14,37,246074,99,0,3,1,0,0,1,88,172,29,8
22,23,5,4,3,179,26,9,30,246074,99,0,3,0,0,0,0,56,171,19,3
34,23,6,2,3,118,10,10,37,253957,95,0,1,0,0,0,0,83,172,28,3
3,28,6,2,3,179,51,18,38,253957,95,0,1,0,1,0,0,89,170,31,3
34,28,6,3,3,118,10,10,37,253957,95,0,1,0,0,0,0,83,172,28,2
28,23,6,5,3,225,26,9,28,253957,95,0,1,1,0,0,2,69,169,24,4
20,28,6,6,3,260,50,11,36,253957,95,0,1,4,1,0,0,65,168,23,4
3,26.4170687804587,6,6,3,179,51,18,38,253957,95,1,1,0,1,0,0,89,170,31,0
15,13,6,2,3,291,31,12,40,253957,95,0,1,1,1,0,1,73,171,25,40
3,28,6,2,3,179,51,18,38,253957,95,0,1,0,1,0,0,89,170,31,24
24,28,6,3,3,246,25,16,41,253957,95,0,1,0,1,0,0,67,170,23,3
3,28,6,2,3,179,51,18,38,253957,95,0,1,0,1,0,0,89,170,31,4
5,26,6,3,3,235,20,13,43,253957,95,0,1,1,1,0,0,106,167,38,8
3,28,6,2,1,179,51,18,38,253957,95,0,1,0,1,0,0,89,170,31,2
28,23,6,4,1,225,26,9,28,253957,95,0,1,1,0,0,2,69,169,24,2
36,23,6,4,1,118,13,18,50,253957,95,0,1,1,1,0,0,98,167.653237384848,31,2
3,5,6,4,1,179,51,18,38,253957,95,0,1,0,1,0,0,89,170,31,8
22,21,6,4,1,179,26,9,30,253957,95,0,3,0,0,0,0,56,171,19,2
24,28,6,6,1,246,25,16,41,253957,95,0,1,0,1,0,0,67,170,23,2
18,11,6,3,1,330,16,4,28,253957,95,0,2,0,0,0,0,84,171.0625168701,25,1
1,13,6,3,1,235,11,14,37,253957,95,0,3,1,0,0,1,88,172,29,8
22,23,7,5,1,179,26,9,30,230290,92,0,3,0,0,0,0,56,171,19,2
28,25,7,5,1,225,26,9,28,230290,92,0,1,1,0,0,2,69,169,24,4
20,13,7,6,1,260,50,11,36,230290,92,0,1,4,1,0,0,65,168,23,8
21,7,7,2,1,268,11,8,33,230290,92,0,2,0,0,0,0,79,171.802095570612,25,8
18,25,7,6,1,330,16,4,28,230290,92,0,2,0,0,0,0,84,170.74754818364,25,8
34,26,7,6,1,118,10,10,37,230290,92,0,1,0,0,0,0,83,172,28,8
20,26,7,2,1,260,50,11,36,230290,92,0,1,4,1,0,0,65,168,23,4
34,28,7,3,1,118,10,10,37,230290,92,0,1,0,0,0,0,83,172,28,8
26,15,7,2,1,300,26,13,43,230290,92,0,1,2,1,1,1,77,175,25,8
2,23,7,2,1,235,29,12,48,230290,92,0,1,1,0,1,0.432493424307765,88,171.823744741901,33,1
24,28,7,3,1,246,25,16,41,230290,92,0,1,0,1,0,0,67,170,23,2
28,9,7,3,1,225,26,9,28,230290,92,0,1,1,0,0,2,69,169,24,112
3,28,7,3,1,179,51,18,38,230290,92,0,1,0,1,0,0,89,170,31,1
36,23,7,6,1,118,13,18,50,230290,92,0,1,1,1,0,0,98,167.825121002885,31,1
10,22,7,6,1,361,52,3,28,230290,92,0,1,1,1,0,1,80,172,27,8
11,22,7,2,1,289,36,13,33,230290,92,0,1,2,1,0,1,90,172,30,8
5,26,7,2,1,235,20,13,43,230290,92,0,1,1,1,0,0,106,167,38,8
24,28,7,3,1,246,25,16,41,230290,92,0,1,0,1,0,0,67,170,23,2
15,28,7,5,1,291,31,12,40,230290,92,0,1,1,1,0,1,73,171,25,1
7,23,7,5,1,279,5,14,39,230290,92,0,1,2,1,1,0,68,168,24,2
3,25,8,5,1,179,51,18,38,249797,93,0,1,0,1,0,0,89,170,31,4
17,25,8,2,1,179,22,17,40,249797,93,0,2,2,0,1,0,63,170,22,1
24,28,8,3,1,246,25,16,41,249797,93,0,1,0,1,0,0,67,170,23,4
34,28,8,3,1,118,10,10,37,249797,93,0,1,0,0,0,0,83,172,28,4
11,26,8,3,1,289,36,13,33,249797,93,0,1,2,1,0,1,90,172,30,8
5,26,8,3,1,235,20,13,43,249797,93,0,1,1,1,0,0,106,167,38,8
15,28,8,5,1,291,31,12,40,249797,93,0,1,1,1,0,1,73,171,25,4
3,25,8,2,1,179,51,18,38,249797,93,0,1,0,1,0,0,89,170,31,4
17,25,8,3,1,179,22,17,40,249797,93,0,2,2,0,1,0,63,170,22,8
18,23,8,5,1,330,16,4,28,249797,93,0,2,0,0,0,0,84,170.224432236233,25,16
1,23,8,3,1,235,11,14,37,249797,93,0,3,1,0,0,1,88,172,29,4
24,28,8,3,1,246,25,16,41,249797,93,0,1,0,1,0,0,67,170,23,1
34,28,8,3,1,118,10,10,37,249797,93,0,1,0,0,0,0,83,172,28,5
15,28,8,5,1,291,31,12,40,249797,93,0,1,1,1,0,1,73,171,25,2
20,28,8,2,1,260,50,11,36,249797,93,0,1,4,1,0,0,65,168,23,3
24,28,9,3,1,246,25,16,41,261756,87,0,1,0,1,0,0,67,170,23,1
24,28,9,3,1,246,25,16,41,261756,87,0,1,0,1,0,0,67,170,23,1
34,28,9,3,1,118,10,10,37,261756,87,0,1,0,0,0,0,83,172,28,3
14,23,9,3,1,155,12,14,34,261756,87,0,1,2,1,0,0,95,171.154977980255,25,2
15,28,9,5,1,291,31,12,40,261756,87,0,1,1,1,0,1,73,171,25,2
22,23,9,6,1,179,26,9,30,261756,87,0,3,0,0,0,0,56,171,19,8
33,23,9,6,1,248,25,14,47,261756,87,0,1,2,0,0,1,86,165,32,1
3,23,9,2,1,179,51,18,38,261756,87,0,1,0,1,0,0,89,170,31,4
28,23,9,4,1,225,26,9,28,261756,87,0,1,1,0,0,2,69,169,24,1
22,23,9,2,1,179,26,9,30,261756,87,0,3,0,0,0,0,56,171,19,2
13,23,9,3,4,369,17,12,31,261756,87,0,1,3,1,0,0,70,169.090217482115,25,8
10,22,9,3,4,361,52,3,28,261756,87,0,1,1,1,0,1,80,172,27,8
32,4,10,5,4,289,48,13.6152632109835,49,284853,91,0,1,0,0,0,2,108,172,36,1
25,11,10,5,4,235,16,8,32,284853,91,0,3,0,0,0,0,75,171,25,3
24,26,10,6,4,246,25,16,41,284853,91,0,1,0,1,0,0,67,170.816792316268,23,8
32,14,10,4,4,289,48,13.6138197133844,49,284853,91,0,1,0,0,0,2,108,171.88526336923,36,3
15,28,10,4,4,291,31,12,40,284853,91,0,1,1,1,0,1,73,171,25,2
34,23,10,3,4,118,10,10,37,284853,91,0,1,0,0,0,0,83,172,28,2
32,23,10,5,4,289,48,13.2171525487765,49,284853,91,0,1,0,0,0,2,108,172,36,2
15,23,10,6,4,291,31,12,40,284853,91,0,1,1,1,0,1,73,171,25,1
28,23,10,3,4,225,26,9,28,284853,91,0,1,1,0,0,2,69,169,24,2
13,23,10,3,4,369,17,12,31,284853,91,0,1,3,1,0,0,70,169,25,8
13,23,10,3,4,369,17,12,31,284853,91,0,1,3,1,0,0,70,169,25,3
28,23,10,3,4,225,26,9,28,284853,91,0,1,1,0,0,2,69,169,24,4
13,26,10,3,4,369,17,12,31,284853,91,0,1,3,1,0,0,70,169,25,8
3,28,10,4,4,179,51,18,38,284853,91,0,1,0,1,0,0,89,170,31,3
9,1,10,4,4,228,14,16,30.5873255073608,284853,91,0,1,2,0,0,1,65,172,22,1
15,23,10,4,4,291,31,12,40,284853,91,0,1,1,1,0,1,73,171,25,1
13,10,10,5,4,369,17,12,31,284853,91,0,1,3,1,0,0,70,169,25,8
28,13,10,5,4,225,26,9,28,284853,91,0,1,1,0,0,2,69,169,24,1
13,10,10,6,4,369,17,12,31,284853,91,0,1,3,1,0,0,70,169,25,8
28,10,10,6,4,225,26,9,28,284853,91,0,1,1,0,0,2,69,169,24,3
6,23,10,2,4,189,29,13,33,284853,91,0,1,2,0,0,2,69,167,25,8
25,6,10,2,4,235,16,8,32,284853,91,0,3,0,0,0,0,75,171,25,8
33,10,10,2,4,248,25,14,47,284853,91,0,1,2,0,0,1,86,165,32,8
28,22.8281151217964,10,2,4,225,26,9,28,284853,91,1,1,1,0,0,2,69,169,24,0
28,13,10,3,4,225,26,9,28,284853,91,0,1,1,0,0,2,69,169,24,3
3,21,11,3,4,179,51,18,38,268519,93,0,1,0,1,0,0,89,170,31,1
34,28,11,4,4,118,10,10,37,268519,93,0,1,0,0,0,0,83,172,28,3
18,2,11,4,4,330,16,4,28,268519,93,0,2,0,0,0,0,84,171.194074993082,25,24
3,28,11,6,4,179,51,18,38,268519,93,0,1,0,1,0,0,89,170,31,1
34,9,11,3,4,118,10,10,37,268519,93,0,1,0,0,0,0,83,172,28,8
11,24,11,4,4,289,36,13,33,268519,93,0,1,2,1,0,1,90,172,30,8
25,1,11,6,4,235,16,8,32,268519,93,0,3,0,0,0,0,75,171,25,8
28,23,11,6,4,225,26,9,28,268519,93,0,1,1,0,0,2,69,169,24,4
10,22,11,3,4,361,52,3,28,268519,93,0,1,1,1,0,1,80,172,27,8
15,28,11,4,4,291,31,12,40,268519,93,0,1,1,1,0,1,73,171,25,2
34,13,11,5,4,118,10,10,37,268519,93,0,1,0,0,0,0,83,172,28,2
28,14,11,5,4,225,26,9,28,268519,93,0,1,1,0,0,2,69,169,24,3
3,28,11,2,4,179,51,18,38,268519,93,0,1,0,1,0,0,89,170,31,1
34,23,11,2,4,118,10,10,37,268519,93,0,1,0,0,0,0,83,172,28,8
34,8,11,3,4,118,10,10,37,268519,93,0,1,0,0,0,0,83,172,28,8
28,23,11,3,4,225,26,9,28,268519,93,0,1,1,0,0,2,69,169,24,2
15,23.1645228018715,11,3,4,291,31,12,40,268519,93,1,1,1,1,0,1,73,171,25,0
11,20.3404258832912,11,4,4,289,36,13,33,268519,93,1,1,2,1,0,1,90,172,30,0
33,14,11,5,4,248,25,14,47,268519,93,0,1,2,0,0,1,86,165,32,4
5,23.1051365069006,11,5,4,235,20,13,43,268519,93,1,1,1,1,0,0,106,167,38,6.94140479380974
28,23,11,6,4,225,26,9,28,268519,93,0,1,1,0,0,2,69,169,24,3.30828793232808
13,26,11,6,4,369,17,12,31,268519,93,0,1,3,1,0,0,70,169,25,7.20949183806323
10,28,11,2,4,361,52,3,28,268519,93,0,1,1,1,0,1,80,172,27,2
3,13,12,3,4,179,51,18,38,280549,98,0,1,0,1,0,0,89,170,31,4.01250207287659
15,28,12,4,4,291,31,12,40,280549,98,0,1,1,1,0,1,73,171,25,1
28,23,12,4,4,225,26,9,28,280549,98,0,1,1,0,0,2,69,169,24,3
22,13,12,6,4,179,26,9,30,280549,98,0,3,0,0,0,0,56,171,19,1
28,23,12,6,4,225,26,9,28,280549,98,0,1,1,0,0,2,69,169,24,3
28,23,12,4,4,225,26,9,28,280549,98,0,1,1,0,0,2,69,169,24,3
10,14,12,5,4,361,52,3,28,280549,98,0,1,1,1,0,1,80,172,27,4
17,18,12,6,4,179,22,17,40,280549,98,0,2,2,0,1,0,63,170,22,2
5,26,12,6,4,235,20,13,43,280549,98,0,1,1,1,0,0,106,167,38,8
12,18,12,2,4,233,51,1,31,280549,98,0,2,1,1,0,1.41526322236648,68,169.805841926806,21,8
22,13,12,3,4,179,26,9,30,280549,98,0,3,0,0,0,0,56,171,19,16
28,23,12,3,4,225,26,9,28,280549,98,0,1,1,0,0,2,69,169,24,2
28,23,12,5,4,225,26,9,28,280549,98,0,1,1,0,0,2,69,169,24,3
28,23,12,2,4,225,26,9,28,280549,98,0,1,1,0,0,2,69,169,24,2
14,18,12,3,2,155,12,14,34,280549,98,0,1,2,1,0,0,95,171.420677039402,25,80
22,12,1,2,2,179,26,9,30,313532,96,0,3,0,0,0,0,56,171,19,24
22,12,1,5,2,179,26,9,30,313532,96,0,3,0,0,0,0,56,171,19,16
17,25,1,5,2,179,22,17,40,313532,96,0,2,2,0,1,0,63,170,22,2
17,25,1,6,2,179,22,17,40,313532,96,0,2,2,0,1,0,63,170,22,2
22,13,1,2,2,179,26,9,30,313532,96,0,3,0,0,0,0,56,171,19,3
17,25,1,4,2,179,22,17,40,313532,96,0,2,2,0,1,0,63,170,22,2
32,10,1,5,2,289,48,13.2509493126343,49,313532,96,0,1,0,0,0,2,108,172,36,8
17,18,1,6,2,179,22,17,40,313532,96,0,2,2,0,1,0,63,170,22,3
22,27,1,2,2,179,26,9,30,313532,96,0,3,0,0,0,0,56,171,19,2
14,18,1,3,2,155,12,14,34,313532,96,0,1,2,1,0,0,95,172,25,8
22,27,1,4,2,179,26,9,30,313532,96,0,3,0,0,0,0,56,171,19,2
3,27,1,4,2,179,51,18,38,313532,96,0,1,0,1,0,0,89,170,31,3
11,13,1,4,2,289,36,13,33,313532,96,0,1,2,1,0,1,90,172,30,8
3,27,1,5,2,179,51,18,38,313532,96,0,1,0,1,0,0,89,170,31,3
3,27,1,6,2,179,51,18,38,313532,96,0,1,0,1,0,0,89,170,31,2
3,13,2,3,2,179,51,18,38,264249,97,0,1,0,1,0,0,89,170,31,8
28,23,2,3,2,225,26,9,28,264249,97,0,1,1,0,0,2,69,169,24,3
33,1,2,4,2,248,25,14,47,264249,97,0,1,2,0,0,1,86,165,32,8
3,27,2,4,2,179,51,18,38,264249,97,0,1,0,1,0,0,89,170,31,2
28,28,2,5,2,225,26,9,28,264249,97,0,1,1,0,0,2,69,169,24,3
3,27,2,5,2,179,51,18,38,264249,97,0,1,0,1,0,0,89,170,31,2
22,27,2,5,2,179,26,9,30,264249,97,0,3,0,0,0,0,56,171,19,2
29,28,2,6,2,225,15,15,41,264249,97,0,4,2,1,0,2,94,172,28,2
3,27,2,6,2,179,51,18,38,264249,97,0,1,0,1,0,0,89,170,31,2
12,19,2,2,2,233,51,1,31,264249,97,0,2,1,1,0,1.34124643127929,68,168.985980914691,21,2
3,27,2,2,2,179,51,18,38,264249,97,0,1,0,1,0,0,89,170,31,2
28,7,2,3,2,225,26,9,28,264249,97,0,1,1,0,0,2,69,169,24,8
3,27,2,4,2,179,51,18,38,264249,97,0,1,0,1,0,0,89,170,31,3
3,27,2,5,2,179,51,18,38,264249,97,0,1,0,1,0,0,89,170,31,3
28,25,2,5,2,225,26,9,28,264249,97,0,1,1,0,0,2,69,169,24,3
22,13,2,5,2,179,26,9,30,264249,97,0,3,0,0,0,0,56,171,19,2
17,23,2,6,2,179,22,17,40,264249,97,0,2,2,0,1,0,63,170,22,2
3,27,2,6,2,179,51,18,38,264249,97,0,1,0,1,0,0,89,170,31,3
12,12,2,4,2,233,51,1,31,264249,97,0,2,1,1,0,0.843174580642492,68,168.916801476151,21,3
22,27,2,4,2,179,26,9,30,264249,97,0,3,0,0,0,0,56,171,19,2
3,27,2,4,2,179,51,18,38,264249,97,0,1,0,1,0,0,89,170,31,2
3,13,2,5,2,179,51,18,38,264249,97,0,1,0,1,0,0,89,170,31,8
3,27,2,6,2,179,51,18,38,264249,97,0,1,0,1,0,0,89,170,31,2
14,25,2,2,2,155,12,14,34,264249,97,0,1,2,1,0,0,95,171.384967083063,25,5
25,25,2,2,2,235,16,8,32,264249,97,0,3,0,0,0,0,75,171,25,3
3,27,2,2,2,179,51,18,38,264249,97,0,1,0,1,0,0,89,170,31,2
28,7,2,2,2,225,26,9,28,264249,97,0,1,1,0,0,2,69,169,24,2
3,27,2,3,2,179,51,18,38,264249,97,0,1,0,1,0,0,89,170,31,2
33,23,2,3,2,248,25,14,47,264249,97,0,1,2,0,0,1,86,165,32,2
28,25,2,3,2,225,26,9,28,264249,97,0,1,1,0,0,2,69,169,24,2
3,27,2,4,2,179,51,18,38,264249,97,0,1,0,1,0,0,89,170,31,2
3,27,2,5,2,179,51,18,38,264249,97,0,1,0,1,0,0,89,170,31,2
25,25,2,6,2,235,16,8,32,264249,97,0,3,0,0,0,0,75,171,25,2
3,27,3,2,2,179,51,18,38,222196,99,0,1,0,1,0,0,89,170,31,2
33,23,3,2,2,248,25,14,47,222196,99,0,1,2,0,0,1,86,165,32,2
9,25,3,3,2,228,14,16,38.0296469105112,222196,99,0,1,2,0,0,1,65,172,22,3
33,25,3,3,2,248,25,14,47,222196,99,0,1,2,0,0,1,86,165,32,3
9,12,3,3,2,228,14,16,31.4045078428839,222196,99,0,1,2,0,0,1,65,172,22,112
3,27,3,4,2,179,51,18,38,222196,99,0,1,0,1,0,0,89,170,31,2
28,27,3,5,2,225,26,9,28,222196,99,0,1,1,0,0,2,69,169,24,2
3,27,3,5,2,179,51,18,38,222196,99,0,1,0,1,0,0,89,170,31,3
28,25,3,5,2,225,26,9,28,222196,99,0,1,1,0,0,2,69,169,24,2
22,27,3,6,2,179,26,9,30,222196,99,0,3,0,0,0,0,56,171,19,3
25,25,3,2,2,235,16,8,32,222196,99,0,3,0,0,0,0,75,171,25,3
10,19,3,2,2,361,52,3,28,222196,99,0,1,1,1,0,1,80,172,27,8
3,13,3,3,2,179,51,18,38,222196,99,0,1,0,1,0,0,89,170,31,8
3,27,3,4,2,179,51,18,38,222196,99,0,1,0,1,0,0,89,170,31,2
3,27,3,5,2,179,51,18,38,222196,99,0,1,0,1,0,0,89,170,31,3
22,27,3,6,2,179,26,9,30,222196,99,0,3,0,0,0,0,56,171,19,2
3,10,3,2,2,179,51,18,38,222196,99,0,1,0,1,0,0,89,170,31,4
33,13,3,2,2,248,25,14,47,222196,99,0,1,2,0,0,1,86,165,32,2
3,27,3,2,2,179,51,18,38,222196,99,0,1,0,1,0,0,89,170,31,3
28,7,3,2,2,225,26,9,28,222196,99,0,1,1,0,0,2,69,169,24,8
3,27,3,3,2,179,51,18,38,222196,99,0,1,0,1,0,0,89,170,31,2
11,23,3,4,2,289,36,13,33,222196,99,0,1,2,1,0,1,90,172,30,8
9,25,3,4,2,228,14,16,37.8498286434937,222196,99,0,1,2,0,0,1,65,172,22,2
3,27,3,4,2,179,51,18,38,222196,99,0,1,0,1,0,0,89,170,31,2
33,23,3,5,2,248,25,14,47,222196,99,0,1,2,0,0,1,86,165,32,3
3,27,3,5,2,179,51,18,38,222196,99,0,1,0,1,0,0,89,170,31,3
22,23,3,6,2,179,26,9,30,222196,99,0,3,0,0,0,0,56,171,19,2
3,27,3,6,2,179,51,18,38,222196,99,0,1,0,1,0,0,89,170,31,3
3,27,3,3,3,179,51,18,38,222196,99,0,1,0,1,0,0,89,170,31,3
16,23,3,4,3,118,15,24,46,222196,99,0,1,2,1,1,0,75,175,25,8
14,13,3,4,3,155,12,14,34,222196,99,0,1,2,1,0,0,95,171.409195738021,25,24
3,27,3,4,3,179,51,18,38,222196,99,0,1,0,1,0,0,89,170,31,3
3,27,3,5,3,179,51,18,38,222196,99,0,1,0,1,0,0,89,170,31,3
22,13,3,2,3,179,26,9,30,222196,99,0,3,0,0,0,0,56,171,19,2
11,19,3,2,3,289,36,13,33,222196,99,0,1,2,1,0,1,90,172,30,104
13,22,3,4,3,369,17,12,31,222196,99,0,1,3,1,0,0,70,169,25,8
28,13,4,2,3,225,26,9,28,246288,91,0,1,1,0,0,2,69,169,24,8
34,10,4,2,3,118,10,10,37,246288,91,0,1,0,0,0,0,83,172,28,8
10,19,4,3,3,361,52,3,28,246288,91,0,1,1,1,0,1,80,172,27,8
33,19,4,4,3,248,25,14,47,246288,91,0,1,2,0,0,1,86,165,32,8
6,13,4,5,3,189,29,13,33,246288,91,0,1,2,0,0,2,69,167,25,8
22,27,4,6,3,179,26,9,30,246288,91,0,3,0,0,0,0,56,171,19,2
13,7,4,2,3,369,17,12,31,246288,91,0,1,3,1,0,0,70,169,25,24
17,16,4,3,3,179,22,17,40,246288,91,0,2,2,0,1,0,63,170,22,2
36,23,4,3,3,118,13,18,50,246288,91,0,1,1,1,0,0,98,168.853124208029,31,3
10,23,4,3,3,361,52,3,28,246288,91,0,1,1,1,0,1,80,172,27,2
34,10,4,4,3,118,10,10,37,246288,91,0,1,0,0,0,0,83,172,28,2
1,22,4,6,3,235,11,14,37,246288,91,0,3,1,0,0,1,88,172,29,8
22,27,4,6,3,179,26,9,30,246288,91,0,3,0,0,0,0,56,171,19,2
28,19,4,2,3,225,26,9,28,246288,91,0,1,1,0,0,2,69,169,24,8
25,16,4,3,3,235,16,8,32,246288,91,0,3,0,0,0,0,75,171,25,3
22,27,4,6,3,179,26,9,30,246288,91,0,3,0,0,0,0,56,171,19,2
14,28,4,3,3,155,12,14,34,246288,91,0,1,2,1,0,0,95,171.586549276061,25,4
28,19,4,5,3,225,26,9,28,246288,91,0,1,1,0,0,2,69,169,24,8
36,14,4,5,3,118,13,18,50,246288,91,0,1,1,1,0,0,98,167.742248529218,31,2
22,27,4,6,3,179,26,9,30,246288,91,0,3,0,0,0,0,56,171,19,2
1,22,5,2,3,235,11,14,37,237656,99,0,3,1,0,0,1,88,172,29,8
29,19,5,4,3,225,15,15,41,237656,99,0,4,2,1,0,2,94,172,28,3
25,28,5,4,3,235,16,8,32,237656,99,0,3,0,0,0,0,75,171,25,2
34,8,5,4,3,118,10,10,37,237656,99,0,1,0,0,0,0,83,172,28,3
5,26,5,4,3,235,20,13,43,237656,99,0,1,1,1,0,0,106,167,38,8
22,13,5,5,3,179,26,9,30,237656,99,0,3,0,0,0,0,56,171,19,1
15,28,5,5,3,291,31,12,40,237656,99,0,1,1,1,0,1,73,171,25,2
29,14,5,5,3,225,15,15,41,237656,99,0,4,2,1,0,2,94,172,28,8
26,19,5,6,3,300,26,13,43,237656,99,0,1,2,1,1,1,77,175,25,64
29,22,5,6,3,225,15,15,41,237656,99,0,4,2,1,0,2,94,172,28,8
22,27,5,6,3,179,26,9,30,237656,99,0,3,0,0,0,0,56,171,19,2
36,23,5,2,3,118,13,18,50,237656,99,0,1,1,1,0,0,98,166.29823302954,31,2
36,5,5,3,3,118,13,18,50,237656,99,0,1,1,1,0,0,98,169.216624393046,31,3
34,28,5,3,3,118,10,10,37,237656,99,0,1,0,0,0,0,83,172,28,1
36,15.504416408159,5,3,3,118,13,18,50,237656,99,1,1,1,1,0,0,98,168.927245197839,31,0
22,27,5,4,3,179,26,9,30,237656,99,0,3,0,0,0,0,56,171,19,2
23,17.3733062998293,5,4,3,378,49,11,36,237656,99,1,1,2,0,1,0.576116324272929,65,174,21,0
17,16,5,6,3,179,22,17,40,237656,99,0,2,2,0,1,0,63,170,22,1
14,10,5,2,3,155,12,14,34,237656,99,0,1,2,1,0,0,95,170.740229037826,25,48
25,10,5,2,3,235,16,8,32,237656,99,0,3,0,0,0,0,75,171,25,8
15,22,5,4,3,291,31,12,40,237656,99,0,1,1,1,0,1,73,171,25,8
17,10,5,4,3,179,22,17,40,237656,99,0,2,2,0,1,0,63,170,22,8
28,6,5,4,3,225,26,9,28,237656,99,0,1,1,0,0,2,69,169,24,3
18,10,5,5,3,330,16,4,28,237656,99,0,2,0,0,0,0,84,170.750202146568,25,8
25,23,5,5,3,235,16,8,32,237656,99,0,3,0,0,0,0,75,171,25,2
15,28,5,5,3,291,31,12,40,237656,99,0,1,1,1,0,1,73,171,25,2
22,27,5,6,3,179,26,9,30,237656,99,0,3,0,0,0,0,56,171,19,2
10,7,5,2,3,361,52,3,28,237656,99,0,1,1,1,0,0.928544465055629,80,172,27,8
14,23,5,4,3,155,12,14,34,237656,99,0,1,2,1,0,0,95,171.435203954287,25,2
17,25,5,6,3,179,22,17,40,237656,99,0,2,2,0,1,0,63,170,22,8
14,10,5,6,3,155,12,14,34,237656,99,0,1,2,1,0,0,95,172,25,8
28,11,5,2,3,225,26,9,28,237656,99,0,1,1,0,0,2,69,169,24,1
16,7,6,4,3,118,15,24,46,275089,96,0,1,2,1,1,0,75,175,25,8
22,27,6,4,3,179,26,9,30,275089,96,0,3,0,0,0,0,56,171,19,3
34,26,6,6,3,118,10,10,37,275089,96,0,1,0,0,0,0,83,172,28,8
34,10,6,4,3,118,10,10,37,275089,96,0,1,0,0,0,0,83,172,28,8
23,22,6,5,3,378,49,11,36,275089,96,0,1,2,0,1,0.899179445835826,65,174,21,8
36,19,6,5,3,118,13,18,50,275089,96,0,1,1,1,0,0,98,167.994497420829,31,24
12,19,6,6,3,233,51,1,31,275089,96,0,2,1,1,0,0.604735467044463,68,168.446659210409,21,8
22,27,6,6,3,179,26,9,30,275089,96,0,3,0,0,0,0,56,171,19,2
2,20.9605370729059,6,2,3,235,29,12,48,275089,96,1,1,1,0,1,0.606184961551513,88,169.815252846815,33,0
21,17.0843892079731,6,2,3,268,11,8,33,275089,96,1,2,0,0,0,0,79,170.198011112908,25,0
36,19,6,5,3,118,13,18,50,275089,96,0,1,1,1,0,0,98,167.848207213466,31,3
22,13,6,5,3,179,26,9,30,275089,96,0,3,0,0,0,0,56,171,19,2
15,28,6,5,3,291,31,12,40,275089,96,0,1,1,1,0,1,73,171,25,2
22,13,6,2,1,179,26,9,30,275089,96,0,3,0,0,0,0,56,171,19,3
34,25,6,2,1,118,10,10,37,275089,96,0,1,0,0,0,0,83,172,28,3
12,22,6,5,1,233,51,1,31,275089,96,0,2,1,1,0,0.398572403201772,68,168.443801974634,21,8
34,8,6,6,1,118,10,10,37,275089,96,0,1,0,0,0,0,83,172,28,2
34,10,6,4,1,118,10,10,37,275089,96,0,1,0,0,0,0,83,172,28,3
12,22,6,4,1,233,51,1,31,275089,96,0,2,1,1,0,0.823249464861616,68,168.624101582229,21,3
5,26,7,4,1,235,20,13,43,264604,93,0,1,1,1,0,0,106,167,38,4
12,19,7,6,1,233,51,1,31,264604,93,0,2,1,1,0,0.60945523346757,68,170.624463533992,21,2
9,6,7,2,1,228,14,16,31.7333786293253,264604,93,0,1,2,0,0,1,65,172,22,8
34,28,7,2,1,118,10,10,37,264604,93,0,1,0,0,0,0,83,172,28,4
9,6,7,3,1,228,14,16,29.3796930672004,264604,93,0,1,2,0,0,1,65,172,22,120
6,22,7,3,1,189,29,13,33,264604,93,0,1,2,0,0,2,69,167,25,16
34,23,7,4,1,118,10,10,37,264604,93,0,1,0,0,0,0,83,172,28,2
10,22,7,4,1,361,52,3,28,264604,93,0,1,1,1,0,1,80,172,27,8
28,22,7,4,1,225,26,9,28,264604,93,0,1,1,0,0,2,69,169,24,8
13,13,7,2,1,369,17,12,31,264604,93,0,1,3,1,0,0,70,169,25,80
11,14,7,3,1,289,36,13,33,264604,93,0,1,2,1,0,1,90,172,30,8
1,11,7,3,1,235,11,14,37,264604,93,0,3,1,0,0,1,88,172,29,4
4,19.2043754488591,5.36458069003821,3,1,118,14,13,40,271219,95,0,1,1,1,0,0.571108438446701,98,170,34,0
8,20.3937337428205,3.59730359513677,4,2,231,35,14,39,271219,95,0,1,2,1,0,2,100,170,35,0
35,18.1009951394512,7.38211750236614,6,3,179,45,14,53,271219,95,0,1,1,0,0,1,77,175,25,0
